{
	"class_name" : "PinholeCameraParameters",
	"extrinsic" : 
	[
		0.45507017150685136,
		-0.38283792085305263,
		0.80395663151791763,
		0.0,
		-0.8897895865401152,
		-0.16059156168751726,
		0.42718244579984244,
		0.0,
		-0.034432988390435265,
		-0.90975022762936208,
		-0.4137256248274066,
		0.0,
		2.232783406391524,
		3.2090683540363747,
		9.7598434065299529,
		1.0
	],
	"intrinsic" : 
	{
		"height" : 1009,
		"intrinsic_matrix" : 
		[
			873.8196324184986,
			0.0,
			0.0,
			0.0,
			873.8196324184986,
			0.0,
			959.5,
			504.0,
			1.0
		],
		"width" : 1920
	},
	"version_major" : 1,
	"version_minor" : 0
}