{
	"class_name" : "PinholeCameraParameters",
	"extrinsic" : 
	[
		0.83459706121017296,
		-0.34436604265464832,
		0.4299532231367964,
		0.0,
		-0.55081217468421861,
		-0.51131271225331376,
		0.65967056816853809,
		0.0,
		-0.0073275943518132935,
		-0.78738258740877487,
		-0.61642109584802363,
		0.0,
		-1.8997133839972322,
		5.7160835071921783,
		4.2365239497294063,
		1.0
	],
	"intrinsic" : 
	{
		"height" : 1009,
		"intrinsic_matrix" : 
		[
			873.8196324184986,
			0.0,
			0.0,
			0.0,
			873.8196324184986,
			0.0,
			959.5,
			504.0,
			1.0
		],
		"width" : 1920
	},
	"version_major" : 1,
	"version_minor" : 0
}