{
	"class_name" : "PinholeCameraParameters",
	"extrinsic" : 
	[
		-0.56757416816170103,
		-0.31172295235399022,
		0.76202911008127849,
		0.0,
		-0.82201966838126406,
		0.16250920182206158,
		-0.54577873182958803,
		0.0,
		0.046295015173451401,
		-0.93617282608440866,
		-0.34847842296363424,
		0.0,
		3.3999166190312282,
		2.2774165618705151,
		10.975703326984354,
		1.0
	],
	"intrinsic" : 
	{
		"height" : 1009,
		"intrinsic_matrix" : 
		[
			873.8196324184986,
			0.0,
			0.0,
			0.0,
			873.8196324184986,
			0.0,
			959.5,
			504.0,
			1.0
		],
		"width" : 1920
	},
	"version_major" : 1,
	"version_minor" : 0
}