{
	"class_name" : "PinholeCameraParameters",
	"extrinsic" : 
	[
		-0.80195682879365127,
		0.33828075954130338,
		-0.49237320446526051,
		0.0,
		0.59619139549897171,
		0.50523192415450036,
		-0.62393631305456965,
		0.0,
		0.037697011608600534,
		-0.79391865486288959,
		-0.60685426980163937,
		0.0,
		1.8179940524128726,
		4.0958111677011173,
		7.1657116627837372,
		1.0
	],
	"intrinsic" : 
	{
		"height" : 2054,
		"intrinsic_matrix" : 
		[
			1778.816179373237,
			0.0,
			0.0,
			0.0,
			1778.816179373237,
			0.0,
			1919.5,
			1026.5,
			1.0
		],
		"width" : 3840
	},
	"version_major" : 1,
	"version_minor" : 0
}